Race Statistics ,Number of Precincts ,NP ,Total ,442,NA
Race Statistics ,Number of Precincts Reporting ,NP ,Total ,442,NA
US REPRESENTATIVE ,Number of Precincts for Race ,NP ,Total ,442,NA
US REPRESENTATIVE ,Number of Precincts Reporting ,NP ,Total ,442,NA
US REPRESENTATIVE ,Registered Voters ,NP ,Total ,571851,NA
US REPRESENTATIVE ,Times Counted ,NP ,Total ,280458,NA
US REPRESENTATIVE ,"Galvin, Alyse S. ",DEM ,Total ,128858,NA
US REPRESENTATIVE ,"Young, Don ",REP ,Total ,147620,NA
US REPRESENTATIVE ,Write-in ,NP ,Total ,1169,NA
GOVERNOR/LT. GOVERNOR ,Number of Precincts for Race ,NP ,Total ,441,NA
GOVERNOR/LT. GOVERNOR ,Number of Precincts Reporting ,NP ,Total ,441,NA
GOVERNOR/LT. GOVERNOR ,Registered Voters ,NP ,Total ,571320,NA
GOVERNOR/LT. GOVERNOR ,Times Counted ,NP ,Total ,280348,NA
GOVERNOR/LT. GOVERNOR ,Begich/Call ,DEM ,Total ,123446,NA
GOVERNOR/LT. GOVERNOR ,Dunleavy/Meyer ,REP ,Total ,143612,NA
GOVERNOR/LT. GOVERNOR ,Toien/Clift ,LIB ,Total ,5304,NA
GOVERNOR/LT. GOVERNOR ,Walker/Mallott ,NA ,Total ,5642,NA
GOVERNOR/LT. GOVERNOR ,Write-in ,NP ,Total ,593,NA
SENATE DISTRICT A ,Number of Precincts for Race ,NP ,Total ,13,NA
SENATE DISTRICT A ,Number of Precincts Reporting ,NP ,Total ,13,NA
SENATE DISTRICT A ,Registered Voters ,NP ,Total ,24772,NA
SENATE DISTRICT A ,Times Counted ,NP ,Total ,9083,NA
SENATE DISTRICT A ,"Kawasaki, Scott ",DEM ,Total ,4564,NA
SENATE DISTRICT A ,"Kelly, Pete ",REP ,Total ,4391,NA
SENATE DISTRICT A ,Write-in ,NP ,Total ,37,NA
SENATE DISTRICT C ,Number of Precincts for Race ,NP ,Total ,42,NA
SENATE DISTRICT C ,Number of Precincts Reporting ,NP ,Total ,42,NA
SENATE DISTRICT C ,Registered Voters ,NP ,Total ,28540,NA
SENATE DISTRICT C ,Times Counted ,NP ,Total ,13627,NA
SENATE DISTRICT C ,"Bishop, Click ",REP ,Total ,10026,NA
SENATE DISTRICT C ,Write-in ,NP ,Total ,863,NA
SENATE DISTRICT E ,Number of Precincts for Race ,NP ,Total ,22,NA
SENATE DISTRICT E ,Number of Precincts Reporting ,NP ,Total ,22,NA
SENATE DISTRICT E ,Registered Voters ,NP ,Total ,31776,NA
SENATE DISTRICT E ,Times Counted ,NP ,Total ,15981,NA
SENATE DISTRICT E ,"Kay, Susan ",DEM ,Total ,3987,NA
SENATE DISTRICT E ,"Shower, Michael K. ",REP ,Total ,11550,NA
SENATE DISTRICT E ,Write-in ,NP ,Total ,48,NA
SENATE DISTRICT G ,Number of Precincts for Race ,NP ,Total ,13,NA
SENATE DISTRICT G ,Number of Precincts Reporting ,NP ,Total ,13,NA
SENATE DISTRICT G ,Registered Voters ,NP ,Total ,29153,NA
SENATE DISTRICT G ,Times Counted ,NP ,Total ,13346,NA
SENATE DISTRICT G ,"Schiess, Oliver ",DEM ,Total ,4895,NA
SENATE DISTRICT G ,"Reinbold, Lora H. ",REP ,Total ,8229,NA
SENATE DISTRICT G ,Write-in ,NP ,Total ,65,NA
SENATE DISTRICT I ,Number of Precincts for Race ,NP ,Total ,17,NA
SENATE DISTRICT I ,Number of Precincts Reporting ,NP ,Total ,17,NA
SENATE DISTRICT I ,Registered Voters ,NP ,Total ,26979,NA
SENATE DISTRICT I ,Times Counted ,NP ,Total ,11445,NA
SENATE DISTRICT I ,"Gray-Jackson, Elvi ",DEM ,Total ,6706,NA
SENATE DISTRICT I ,"Crawford, Jim ",REP ,Total ,4456,NA
SENATE DISTRICT I ,Write-in ,NP ,Total ,38,NA
SENATE DISTRICT K ,Number of Precincts for Race ,NP ,Total ,15,NA
SENATE DISTRICT K ,Number of Precincts Reporting ,NP ,Total ,15,NA
SENATE DISTRICT K ,Registered Voters ,NP ,Total ,29067,NA
SENATE DISTRICT K ,Times Counted ,NP ,Total ,15071,NA
SENATE DISTRICT K ,"Cason, Sam ",DEM ,Total ,6272,NA
SENATE DISTRICT K ,"Costello, Mia ",REP ,Total ,8367,NA
SENATE DISTRICT K ,Write-in ,NP ,Total ,44,NA
SENATE DISTRICT M ,Number of Precincts for Race ,NP ,Total ,15,NA
SENATE DISTRICT M ,Number of Precincts Reporting ,NP ,Total ,15,NA
SENATE DISTRICT M ,Registered Voters ,NP ,Total ,29742,NA
SENATE DISTRICT M ,Times Counted ,NP ,Total ,15091,NA
SENATE DISTRICT M ,"Birch, Chris ",REP ,Total ,8631,NA
SENATE DISTRICT M ,"Park, Janice ",DEM ,Total ,6078,NA
SENATE DISTRICT M ,Write-in ,NP ,Total ,42,NA
SENATE DISTRICT O ,Number of Precincts for Race ,NP ,Total ,17,NA
SENATE DISTRICT O ,Number of Precincts Reporting ,NP ,Total ,17,NA
SENATE DISTRICT O ,Registered Voters ,NP ,Total ,31354,NA
SENATE DISTRICT O ,Times Counted ,NP ,Total ,16014,NA
SENATE DISTRICT O ,"Micciche, Peter A. ",REP ,Total ,9477,NA
SENATE DISTRICT O ,Write-in ,NP ,Total ,4729,NA
SENATE DISTRICT Q ,Number of Precincts for Race ,NP ,Total ,18,NA
SENATE DISTRICT Q ,Number of Precincts Reporting ,NP ,Total ,18,NA
SENATE DISTRICT Q ,Registered Voters ,NP ,Total ,31443,NA
SENATE DISTRICT Q ,Times Counted ,NP ,Total ,18152,NA
SENATE DISTRICT Q ,"Kiehl, Jesse ",DEM ,Total ,10921,NA
SENATE DISTRICT Q ,"Etheridge, Don R. ",NA ,Total ,6719,NA
SENATE DISTRICT Q ,Write-in ,NP ,Total ,49,NA
SENATE DISTRICT S ,Number of Precincts for Race ,NP ,Total ,66,NA
SENATE DISTRICT S ,Number of Precincts Reporting ,NP ,Total ,66,NA
SENATE DISTRICT S ,Registered Voters ,NP ,Total ,22281,NA
SENATE DISTRICT S ,Times Counted ,NP ,Total ,9686,NA
SENATE DISTRICT S ,"Hoffman, Lyman F. ",DEM ,Total ,8042,NA
SENATE DISTRICT S ,Write-in ,NP ,Total ,385,NA
HOUSE DISTRICT 1 ,Number of Precincts for Race ,NP ,Total ,9,NA
HOUSE DISTRICT 1 ,Number of Precincts Reporting ,NP ,Total ,9,NA
HOUSE DISTRICT 1 ,Registered Voters ,NP ,Total ,13392,NA
HOUSE DISTRICT 1 ,Times Counted ,NP ,Total ,5398,NA
HOUSE DISTRICT 1 ,"LeBon, Barton S. ",REP ,Total ,2660,NA
HOUSE DISTRICT 1 ,"Dodge, Kathryn E. ",DEM ,Total ,2655,NA
HOUSE DISTRICT 1 ,Write-in ,NP ,Total ,17,NA
HOUSE DISTRICT 2 ,Number of Precincts for Race ,NP ,Total ,4,NA
HOUSE DISTRICT 2 ,Number of Precincts Reporting ,NP ,Total ,4,NA
HOUSE DISTRICT 2 ,Registered Voters ,NP ,Total ,11380,NA
HOUSE DISTRICT 2 ,Times Counted ,NP ,Total ,3592,NA
HOUSE DISTRICT 2 ,"Thompson, Steve ",REP ,Total ,2340,NA
HOUSE DISTRICT 2 ,"Lawrence, Van ",DEM ,Total ,1182,NA
HOUSE DISTRICT 2 ,Write-in ,NP ,Total ,12,NA
HOUSE DISTRICT 3 ,Number of Precincts for Race ,NP ,Total ,5,NA
HOUSE DISTRICT 3 ,Number of Precincts Reporting ,NP ,Total ,5,NA
HOUSE DISTRICT 3 ,Registered Voters ,NP ,Total ,14159,NA
HOUSE DISTRICT 3 ,Times Counted ,NP ,Total ,5918,NA
HOUSE DISTRICT 3 ,"Wilson, Tammie ",REP ,Total ,4848,NA
HOUSE DISTRICT 3 ,Write-in ,NP ,Total ,413,NA
HOUSE DISTRICT 4 ,Number of Precincts for Race ,NP ,Total ,7,NA
HOUSE DISTRICT 4 ,Number of Precincts Reporting ,NP ,Total ,7,NA
HOUSE DISTRICT 4 ,Registered Voters ,NP ,Total ,14783,NA
HOUSE DISTRICT 4 ,Times Counted ,NP ,Total ,8508,NA
HOUSE DISTRICT 4 ,"Sackett, Jim ",REP ,Total ,3650,NA
HOUSE DISTRICT 4 ,"Lamkin, Tim ",NA ,Total ,395,NA
HOUSE DISTRICT 4 ,"Hopkins, Grier ",DEM ,Total ,4355,NA
HOUSE DISTRICT 4 ,Write-in ,NP ,Total ,18,NA
HOUSE DISTRICT 5 ,Number of Precincts for Race ,NP ,Total ,9,NA
HOUSE DISTRICT 5 ,Number of Precincts Reporting ,NP ,Total ,9,NA
HOUSE DISTRICT 5 ,Registered Voters ,NP ,Total ,13644,NA
HOUSE DISTRICT 5 ,Times Counted ,NP ,Total ,6698,NA
HOUSE DISTRICT 5 ,"Wool, Adam L. ",DEM ,Total ,3483,NA
HOUSE DISTRICT 5 ,"McKinley, Kevin ",REP ,Total ,3057,NA
HOUSE DISTRICT 5 ,Write-in ,NP ,Total ,30,NA
HOUSE DISTRICT 6 ,Number of Precincts for Race ,NP ,Total ,33,NA
HOUSE DISTRICT 6 ,Number of Precincts Reporting ,NP ,Total ,33,NA
HOUSE DISTRICT 6 ,Registered Voters ,NP ,Total ,14896,NA
HOUSE DISTRICT 6 ,Times Counted ,NP ,Total ,6878,NA
HOUSE DISTRICT 6 ,"Alexander, Ed ",DEM ,Total ,2720,NA
HOUSE DISTRICT 6 ,"Talerico, David M. ",REP ,Total ,3995,NA
HOUSE DISTRICT 6 ,Write-in ,NP ,Total ,25,NA
HOUSE DISTRICT 7 ,Number of Precincts for Race ,NP ,Total ,7,NA
HOUSE DISTRICT 7 ,Number of Precincts Reporting ,NP ,Total ,7,NA
HOUSE DISTRICT 7 ,Registered Voters ,NP ,Total ,15432,NA
HOUSE DISTRICT 7 ,Times Counted ,NP ,Total ,6948,NA
HOUSE DISTRICT 7 ,"Sullivan-Leonard, Co ",REP ,Total ,5698,NA
HOUSE DISTRICT 7 ,Write-in ,NP ,Total ,285,NA
HOUSE DISTRICT 8 ,Number of Precincts for Race ,NP ,Total ,6,NA
HOUSE DISTRICT 8 ,Number of Precincts Reporting ,NP ,Total ,6,NA
HOUSE DISTRICT 8 ,Registered Voters ,NP ,Total ,15678,NA
HOUSE DISTRICT 8 ,Times Counted ,NP ,Total ,7216,NA
HOUSE DISTRICT 8 ,"Neuman, Mark ",REP ,Total ,5123,NA
HOUSE DISTRICT 8 ,"Chesbro, James L. ",DEM ,Total ,1183,NA
HOUSE DISTRICT 8 ,"Fish, Mark ",LIB ,Total ,766,NA
HOUSE DISTRICT 8 ,Write-in ,NP ,Total ,14,NA
HOUSE DISTRICT 9  ,Number of Precincts for Race ,NP ,Total ,11,NA
HOUSE DISTRICT 9  ,Number of Precincts Reporting ,NP ,Total ,11,NA
HOUSE DISTRICT 9  ,Registered Voters ,NP ,Total ,15635,NA
HOUSE DISTRICT 9  ,Times Counted ,NP ,Total ,7920,NA
HOUSE DISTRICT 9  ,"Squyres, James A. ",NA ,Total ,515,NA
HOUSE DISTRICT 9  ,"Johnson, Bill ",DEM ,Total ,1961,NA
HOUSE DISTRICT 9  ,"Rauscher, George ",REP ,Total ,5207,NA
HOUSE DISTRICT 9  ,Write-in ,NP ,Total ,32,NA
HOUSE DISTRICT 10 ,Number of Precincts for Race ,NP ,Total ,11,NA
HOUSE DISTRICT 10 ,Number of Precincts Reporting ,NP ,Total ,11,NA
HOUSE DISTRICT 10 ,Registered Voters ,NP ,Total ,16141,NA
HOUSE DISTRICT 10 ,Times Counted ,NP ,Total ,8033,NA
HOUSE DISTRICT 10 ,"Eastman, David ",REP ,Total ,4518,NA
HOUSE DISTRICT 10 ,"Holmes, Doyle E. ",NA ,Total ,1616,NA
HOUSE DISTRICT 10 ,"Faye-Brazel, Patrici ",DEM ,Total ,1729,NA
HOUSE DISTRICT 10 ,Write-in ,NP ,Total ,16,NA
HOUSE DISTRICT 11 ,Number of Precincts for Race ,NP ,Total ,9,NA
HOUSE DISTRICT 11 ,Number of Precincts Reporting ,NP ,Total ,9,NA
HOUSE DISTRICT 11 ,Registered Voters ,NP ,Total ,15859,NA
HOUSE DISTRICT 11 ,Times Counted ,NP ,Total ,8129,NA
HOUSE DISTRICT 11 ,"Patterson, Eileen E. ",DEM ,Total ,2212,NA
HOUSE DISTRICT 11 ,"Johnson, DeLena M.  ",REP ,Total ,5734,NA
HOUSE DISTRICT 11 ,Write-in ,NP ,Total ,42,NA
HOUSE DISTRICT 12 ,Number of Precincts for Race ,NP ,Total ,7,NA
HOUSE DISTRICT 12 ,Number of Precincts Reporting ,NP ,Total ,7,NA
HOUSE DISTRICT 12 ,Registered Voters ,NP ,Total ,15488,NA
HOUSE DISTRICT 12 ,Times Counted ,NP ,Total ,8283,NA
HOUSE DISTRICT 12 ,"Tilton, Cathy L. ",REP ,Total ,6094,NA
HOUSE DISTRICT 12 ,"Jeffers, Stephany ",DEM ,Total ,1992,NA
HOUSE DISTRICT 12 ,Write-in ,NP ,Total ,25,NA
HOUSE DISTRICT 13 ,Number of Precincts for Race ,NP ,Total ,6,NA
HOUSE DISTRICT 13 ,Number of Precincts Reporting ,NP ,Total ,6,NA
HOUSE DISTRICT 13 ,Registered Voters ,NP ,Total ,12804,NA
HOUSE DISTRICT 13 ,Times Counted ,NP ,Total ,4782,NA
HOUSE DISTRICT 13 ,"Kimp, Danyelle D. ",DEM ,Total ,1340,NA
HOUSE DISTRICT 13 ,"Dahlstrom, Nancy A. ",REP ,Total ,3320,NA
HOUSE DISTRICT 13 ,Write-in ,NP ,Total ,16,NA
HOUSE DISTRICT 14 ,Number of Precincts for Race ,NP ,Total ,7,NA
HOUSE DISTRICT 14 ,Number of Precincts Reporting ,NP ,Total ,7,NA
HOUSE DISTRICT 14 ,Registered Voters ,NP ,Total ,16349,NA
HOUSE DISTRICT 14 ,Times Counted ,NP ,Total ,8515,NA
HOUSE DISTRICT 14 ,"Merrick, Kelly R. ",REP ,Total ,5480,NA
HOUSE DISTRICT 14 ,"Hackenmueller, Joe ",DEM ,Total ,2811,NA
HOUSE DISTRICT 14 ,Write-in ,NP ,Total ,66,NA
HOUSE DISTRICT 15  ,Number of Precincts for Race ,NP ,Total ,5,NA
HOUSE DISTRICT 15  ,Number of Precincts Reporting ,NP ,Total ,5,NA
HOUSE DISTRICT 15  ,Registered Voters ,NP ,Total ,11902,NA
HOUSE DISTRICT 15  ,Times Counted ,NP ,Total ,3403,NA
HOUSE DISTRICT 15  ,"LeDoux, Gabrielle ",REP ,Total ,1379,NA
HOUSE DISTRICT 15  ,"Franks, Lyn D. ",DEM ,Total ,1139,NA
HOUSE DISTRICT 15  ,Write-in ,NP ,Total ,795,NA
HOUSE DISTRICT 16  ,Number of Precincts for Race ,NP ,Total ,7,NA
HOUSE DISTRICT 16  ,Number of Precincts Reporting ,NP ,Total ,7,NA
HOUSE DISTRICT 16  ,Registered Voters ,NP ,Total ,14470,NA
HOUSE DISTRICT 16  ,Times Counted ,NP ,Total ,5916,NA
HOUSE DISTRICT 16  ,"Wright, Stanley A. ",REP ,Total ,2577,NA
HOUSE DISTRICT 16  ,"Spohnholz, Ivy A. ",DEM ,Total ,3211,NA
HOUSE DISTRICT 16  ,Write-in ,NP ,Total ,28,NA
HOUSE DISTRICT 17 ,Number of Precincts for Race ,NP ,Total ,7,NA
HOUSE DISTRICT 17 ,Number of Precincts Reporting ,NP ,Total ,7,NA
HOUSE DISTRICT 17 ,Registered Voters ,NP ,Total ,12988,NA
HOUSE DISTRICT 17 ,Times Counted ,NP ,Total ,5450,NA
HOUSE DISTRICT 17 ,"Sanders, Marcus ",REP ,Total ,2147,NA
HOUSE DISTRICT 17 ,"Josephson, Andrew L. ",DEM ,Total ,3168,NA
HOUSE DISTRICT 17 ,Write-in ,NP ,Total ,13,NA
HOUSE DISTRICT 18  ,Number of Precincts for Race ,NP ,Total ,10,NA
HOUSE DISTRICT 18  ,Number of Precincts Reporting ,NP ,Total ,10,NA
HOUSE DISTRICT 18  ,Registered Voters ,NP ,Total ,13991,NA
HOUSE DISTRICT 18  ,Times Counted ,NP ,Total ,5950,NA
HOUSE DISTRICT 18  ,"Lekanoff, Anthony C. ",REP ,Total ,2028,NA
HOUSE DISTRICT 18  ,"Drummond, Harriet A. ",DEM ,Total ,3765,NA
HOUSE DISTRICT 18  ,Write-in ,NP ,Total ,22,NA
HOUSE DISTRICT 19 ,Number of Precincts for Race ,NP ,Total ,6,NA
HOUSE DISTRICT 19 ,Number of Precincts Reporting ,NP ,Total ,6,NA
HOUSE DISTRICT 19 ,Registered Voters ,NP ,Total ,11917,NA
HOUSE DISTRICT 19 ,Times Counted ,NP ,Total ,3954,NA
HOUSE DISTRICT 19 ,"Tarr, Geran ",DEM ,Total ,2527,NA
HOUSE DISTRICT 19 ,"Stevens, Cean ",LIB ,Total ,1208,NA
HOUSE DISTRICT 19 ,Write-in ,NP ,Total ,46,NA
HOUSE DISTRICT 20 ,Number of Precincts for Race ,NP ,Total ,9,NA
HOUSE DISTRICT 20 ,Number of Precincts Reporting ,NP ,Total ,9,NA
HOUSE DISTRICT 20 ,Registered Voters ,NP ,Total ,14069,NA
HOUSE DISTRICT 20 ,Times Counted ,NP ,Total ,5893,NA
HOUSE DISTRICT 20 ,"West, Warren P. ",LIB ,Total ,296,NA
HOUSE DISTRICT 20 ,"Martinson, Ceezar X. ",REP ,Total ,1658,NA
HOUSE DISTRICT 20 ,"Fields, William Z. ",DEM ,Total ,3731,NA
HOUSE DISTRICT 20 ,Write-in ,NP ,Total ,26,NA
HOUSE DISTRICT 21 ,Number of Precincts for Race ,NP ,Total ,8,NA
HOUSE DISTRICT 21 ,Number of Precincts Reporting ,NP ,Total ,8,NA
HOUSE DISTRICT 21 ,Registered Voters ,NP ,Total ,14353,NA
HOUSE DISTRICT 21 ,Times Counted ,NP ,Total ,7564,NA
HOUSE DISTRICT 21 ,"Stewart, Marilyn ",REP ,Total ,3360,NA
HOUSE DISTRICT 21 ,"Claman, Matt ",DEM ,Total ,4056,NA
HOUSE DISTRICT 21 ,Write-in ,NP ,Total ,17,NA
HOUSE DISTRICT 22 ,Number of Precincts for Race ,NP ,Total ,7,NA
HOUSE DISTRICT 22 ,Number of Precincts Reporting ,NP ,Total ,7,NA
HOUSE DISTRICT 22 ,Registered Voters ,NP ,Total ,14714,NA
HOUSE DISTRICT 22 ,Times Counted ,NP ,Total ,7461,NA
HOUSE DISTRICT 22 ,"Grenn, Jason S. ",NA ,Total ,3026,NA
HOUSE DISTRICT 22 ,"Darden, Dustin ",DEM ,Total ,858,NA
HOUSE DISTRICT 22 ,"Rasmussen, Sara ",REP ,Total ,3468,NA
HOUSE DISTRICT 22 ,Write-in ,NP ,Total ,9,NA
HOUSE DISTRICT 23 ,Number of Precincts for Race ,NP ,Total ,8,NA
HOUSE DISTRICT 23 ,Number of Precincts Reporting ,NP ,Total ,8,NA
HOUSE DISTRICT 23 ,Registered Voters ,NP ,Total ,13703,NA
HOUSE DISTRICT 23 ,Times Counted ,NP ,Total ,5699,NA
HOUSE DISTRICT 23 ,"Tuck, Chris ",DEM ,Total ,2971,NA
HOUSE DISTRICT 23 ,"Dougherty, Connie R. ",REP ,Total ,2605,NA
HOUSE DISTRICT 23 ,Write-in ,NP ,Total ,18,NA
HOUSE DISTRICT 24 ,Number of Precincts for Race ,NP ,Total ,7,NA
HOUSE DISTRICT 24 ,Number of Precincts Reporting ,NP ,Total ,7,NA
HOUSE DISTRICT 24 ,Registered Voters ,NP ,Total ,14878,NA
HOUSE DISTRICT 24 ,Times Counted ,NP ,Total ,8344,NA
HOUSE DISTRICT 24 ,"Kopp, Charles M. ",REP ,Total ,4931,NA
HOUSE DISTRICT 24 ,"Levi, Sue ",DEM ,Total ,3222,NA
HOUSE DISTRICT 24 ,Write-in ,NP ,Total ,31,NA
HOUSE DISTRICT 25 ,Number of Precincts for Race ,NP ,Total ,7,NA
HOUSE DISTRICT 25 ,Number of Precincts Reporting ,NP ,Total ,7,NA
HOUSE DISTRICT 25 ,Registered Voters ,NP ,Total ,14661,NA
HOUSE DISTRICT 25 ,Times Counted ,NP ,Total ,7089,NA
HOUSE DISTRICT 25 ,"Higgins, Pat ",DEM ,Total ,3336,NA
HOUSE DISTRICT 25 ,"Revak, Josh C. ",REP ,Total ,3617,NA
HOUSE DISTRICT 25 ,Write-in ,NP ,Total ,15,NA
HOUSE DISTRICT 26 ,Number of Precincts for Race ,NP ,Total ,8,NA
HOUSE DISTRICT 26 ,Number of Precincts Reporting ,NP ,Total ,8,NA
HOUSE DISTRICT 26 ,Registered Voters ,NP ,Total ,15081,NA
HOUSE DISTRICT 26 ,Times Counted ,NP ,Total ,7943,NA
HOUSE DISTRICT 26 ,"Thorne, Anita ",DEM ,Total ,2876,NA
HOUSE DISTRICT 26 ,"Shaw, Laddie ",REP ,Total ,4819,NA
HOUSE DISTRICT 26 ,Write-in ,NP ,Total ,33,NA
HOUSE DISTRICT 27 ,Number of Precincts for Race ,NP ,Total ,8,NA
HOUSE DISTRICT 27 ,Number of Precincts Reporting ,NP ,Total ,8,NA
HOUSE DISTRICT 27 ,Registered Voters ,NP ,Total ,15040,NA
HOUSE DISTRICT 27 ,Times Counted ,NP ,Total ,7661,NA
HOUSE DISTRICT 27 ,"Snyder, Liz ",DEM ,Total ,3679,NA
HOUSE DISTRICT 27 ,"Pruitt, Lance ",REP ,Total ,3864,NA
HOUSE DISTRICT 27 ,Write-in ,NP ,Total ,45,NA
HOUSE DISTRICT 28 ,Number of Precincts for Race ,NP ,Total ,9,NA
HOUSE DISTRICT 28 ,Number of Precincts Reporting ,NP ,Total ,9,NA
HOUSE DISTRICT 28 ,Registered Voters ,NP ,Total ,16277,NA
HOUSE DISTRICT 28 ,Times Counted ,NP ,Total ,10350,NA
HOUSE DISTRICT 28 ,"Lee, Amber M. ",DEM ,Total ,4596,NA
HOUSE DISTRICT 28 ,"Johnston, Jennifer B ",REP ,Total ,5542,NA
HOUSE DISTRICT 28 ,Write-in ,NP ,Total ,24,NA
HOUSE DISTRICT 29 ,Number of Precincts for Race ,NP ,Total ,11,NA
HOUSE DISTRICT 29 ,Number of Precincts Reporting ,NP ,Total ,11,NA
HOUSE DISTRICT 29 ,Registered Voters ,NP ,Total ,15429,NA
HOUSE DISTRICT 29 ,Times Counted ,NP ,Total ,8195,NA
HOUSE DISTRICT 29 ,"Butler, Shawn A. ",DEM ,Total ,2423,NA
HOUSE DISTRICT 29 ,"Carpenter, Benjamin ",REP ,Total ,5440,NA
HOUSE DISTRICT 29 ,Write-in ,NP ,Total ,35,NA
HOUSE DISTRICT 30 ,Number of Precincts for Race ,NP ,Total ,6,NA
HOUSE DISTRICT 30 ,Number of Precincts Reporting ,NP ,Total ,6,NA
HOUSE DISTRICT 30 ,Registered Voters ,NP ,Total ,15925,NA
HOUSE DISTRICT 30 ,Times Counted ,NP ,Total ,7735,NA
HOUSE DISTRICT 30 ,"Knopp, Gary A. ",REP ,Total ,6184,NA
HOUSE DISTRICT 30 ,Write-in ,NP ,Total ,407,NA
HOUSE DISTRICT 31 ,Number of Precincts for Race ,NP ,Total ,9,NA
HOUSE DISTRICT 31 ,Number of Precincts Reporting ,NP ,Total ,9,NA
HOUSE DISTRICT 31 ,Registered Voters ,NP ,Total ,16962,NA
HOUSE DISTRICT 31 ,Times Counted ,NP ,Total ,9605,NA
HOUSE DISTRICT 31 ,"Seaton, Paul ",DEM ,Total ,4205,NA
HOUSE DISTRICT 31 ,"Vance, Sarah L. ",REP ,Total ,5185,NA
HOUSE DISTRICT 31 ,Write-in ,NP ,Total ,91,NA
HOUSE DISTRICT 32 ,Number of Precincts for Race ,NP ,Total ,14,NA
HOUSE DISTRICT 32 ,Number of Precincts Reporting ,NP ,Total ,14,NA
HOUSE DISTRICT 32 ,Registered Voters ,NP ,Total ,13565,NA
HOUSE DISTRICT 32 ,Times Counted ,NP ,Total ,5530,NA
HOUSE DISTRICT 32 ,Katelnikoff-Lester ,NA ,Total ,688,NA
HOUSE DISTRICT 32 ,"Stutes, Louise ",REP ,Total ,2871,NA
HOUSE DISTRICT 32 ,"Harris, Dennis P. ",DEM ,Total ,1816,NA
HOUSE DISTRICT 32 ,Write-in ,NP ,Total ,38,NA
HOUSE DISTRICT 33 ,Number of Precincts for Race ,NP ,Total ,11,NA
HOUSE DISTRICT 33 ,Number of Precincts Reporting ,NP ,Total ,11,NA
HOUSE DISTRICT 33 ,Registered Voters ,NP ,Total ,15936,NA
HOUSE DISTRICT 33 ,Times Counted ,NP ,Total ,9068,NA
HOUSE DISTRICT 33 ,"Hannan, Sara ",DEM ,Total ,4949,NA
HOUSE DISTRICT 33 ,"Dimond, Chris ",NA ,Total ,3781,NA
HOUSE DISTRICT 33 ,Write-in ,NP ,Total ,44,NA
HOUSE DISTRICT 34 ,Number of Precincts for Race ,NP ,Total ,7,NA
HOUSE DISTRICT 34 ,Number of Precincts Reporting ,NP ,Total ,7,NA
HOUSE DISTRICT 34 ,Registered Voters ,NP ,Total ,15507,NA
HOUSE DISTRICT 34 ,Times Counted ,NP ,Total ,8873,NA
HOUSE DISTRICT 34 ,"Nankervis, Jerry A. ",REP ,Total ,4109,NA
HOUSE DISTRICT 34 ,"Story, Andrea ",DEM ,Total ,4649,NA
HOUSE DISTRICT 34 ,Write-in ,NP ,Total ,13,NA
HOUSE DISTRICT 35 ,Number of Precincts for Race ,NP ,Total ,14,NA
HOUSE DISTRICT 35 ,Number of Precincts Reporting ,NP ,Total ,14,NA
HOUSE DISTRICT 35 ,Registered Voters ,NP ,Total ,15246,NA
HOUSE DISTRICT 35 ,Times Counted ,NP ,Total ,7576,NA
HOUSE DISTRICT 35 ,"Wein, Richard J. ",REP ,Total ,3178,NA
HOUSE DISTRICT 35 ,"Kreiss-Tomkins, Jona ",DEM ,Total ,4261,NA
HOUSE DISTRICT 35 ,Write-in ,NP ,Total ,33,NA
HOUSE DISTRICT 36 ,Number of Precincts for Race ,NP ,Total ,10,NA
HOUSE DISTRICT 36 ,Number of Precincts Reporting ,NP ,Total ,10,NA
HOUSE DISTRICT 36 ,Registered Voters ,NP ,Total ,14699,NA
HOUSE DISTRICT 36 ,Times Counted ,NP ,Total ,6895,NA
HOUSE DISTRICT 36 ,"Ortiz, Daniel H.  ",NA ,Total ,4042,NA
HOUSE DISTRICT 36 ,"Shaw, Trevor A. ",REP ,Total ,2649,NA
HOUSE DISTRICT 36 ,Write-in ,NP ,Total ,68,NA
HOUSE DISTRICT 37 ,Number of Precincts for Race ,NP ,Total ,35,NA
HOUSE DISTRICT 37 ,Number of Precincts Reporting ,NP ,Total ,35,NA
HOUSE DISTRICT 37 ,Registered Voters ,NP ,Total ,10478,NA
HOUSE DISTRICT 37 ,Times Counted ,NP ,Total ,4498,NA
HOUSE DISTRICT 37 ,"Weatherby, William W ",REP ,Total ,1534,NA
HOUSE DISTRICT 37 ,"Edgmon, Bryce E. ",DEM ,Total ,2846,NA
HOUSE DISTRICT 37 ,Write-in ,NP ,Total ,13,NA
HOUSE DISTRICT 38 ,Number of Precincts for Race ,NP ,Total ,31,NA
HOUSE DISTRICT 38 ,Number of Precincts Reporting ,NP ,Total ,31,NA
HOUSE DISTRICT 38 ,Registered Voters ,NP ,Total ,11803,NA
HOUSE DISTRICT 38 ,Times Counted ,NP ,Total ,5176,NA
HOUSE DISTRICT 38 ,"Zulkosky, Tiffany ",DEM ,Total ,2824,NA
HOUSE DISTRICT 38 ,"Deacon, Darren M. ",REP ,Total ,2223,NA
HOUSE DISTRICT 38 ,Write-in ,NP ,Total ,14,NA
HOUSE DISTRICT 39 ,Number of Precincts for Race ,NP ,Total ,33,NA
HOUSE DISTRICT 39 ,Number of Precincts Reporting ,NP ,Total ,33,NA
HOUSE DISTRICT 39 ,Registered Voters ,NP ,Total ,12164,NA
HOUSE DISTRICT 39 ,Times Counted ,NP ,Total ,5619,NA
HOUSE DISTRICT 39 ,"Foster, Neal W. ",DEM ,Total ,4941,NA
HOUSE DISTRICT 39 ,Write-in ,NP ,Total ,213,NA
HOUSE DISTRICT 40 ,Number of Precincts for Race ,NP ,Total ,23,NA
HOUSE DISTRICT 40 ,Number of Precincts Reporting ,NP ,Total ,23,NA
HOUSE DISTRICT 40 ,Registered Voters ,NP ,Total ,9922,NA
HOUSE DISTRICT 40 ,Times Counted ,NP ,Total ,4093,NA
HOUSE DISTRICT 40 ,"Mack, Leanna R. ",NA ,Total ,709,NA
HOUSE DISTRICT 40 ,"Savok, Patrick G.  ",NA ,Total ,870,NA
HOUSE DISTRICT 40 ,"Lincoln, John ",DEM ,Total ,2401,NA
HOUSE DISTRICT 40 ,Write-in 40 ,NP ,Total ,28,NA
Ballot Measure No. 1 - 17FSH2 ,Number of Precincts for Race ,NP ,Total ,441,NA
Ballot Measure No. 1 - 17FSH2 ,Number of Precincts Reporting ,NP ,Total ,441,NA
Ballot Measure No. 1 - 17FSH2 ,Registered Voters ,NP ,Total ,571320,NA
Ballot Measure No. 1 - 17FSH2 ,Times Counted ,NP ,Total ,280348,NA
Ballot Measure No. 1 - 17FSH2 ,YES ,NP ,Total ,101912,NA
Ballot Measure No. 1 - 17FSH2 ,NO ,NP ,Total ,169256,NA
Sup Court JD1 Carey ,Number of Precincts for Race ,NP ,Total ,43,NA
Sup Court JD1 Carey ,Number of Precincts Reporting ,NP ,Total ,43,NA
Sup Court JD1 Carey ,Registered Voters ,NP ,Total ,61859,NA
Sup Court JD1 Carey ,Times Counted ,NP ,Total ,32949,NA
Sup Court JD1 Carey ,YES ,NP ,Total ,19762,NA
Sup Court JD1 Carey ,NO ,NP ,Total ,8373,NA
Sup Court JD3 Corey ,Number of Precincts for Race ,NP ,Total ,239,NA
Sup Court JD3 Corey ,Number of Precincts Reporting ,NP ,Total ,239,NA
Sup Court JD3 Corey ,Registered Voters ,NP ,Total ,390712,NA
Sup Court JD3 Corey ,Times Counted ,NP ,Total ,192036,NA
Sup Court JD3 Corey ,YES ,NP ,Total ,78382,NA
Sup Court JD3 Corey ,NO ,NP ,Total ,88164,NA
Sup Court JD3 Morse ,Number of Precincts for Race ,NP ,Total ,239,NA
Sup Court JD3 Morse ,Number of Precincts Reporting ,NP ,Total ,239,NA
Sup Court JD3 Morse ,Registered Voters ,NP ,Total ,390712,NA
Sup Court JD3 Morse ,Times Counted ,NP ,Total ,192036,NA
Sup Court JD3 Morse ,YES ,NP ,Total ,90363,NA
Sup Court JD3 Morse ,NO ,NP ,Total ,71696,NA
Sup Court JD3 Walker Jr.  ,Number of Precincts for Race ,NP ,Total ,239,NA
Sup Court JD3 Walker Jr.  ,Number of Precincts Reporting ,NP ,Total ,239,NA
Sup Court JD3 Walker Jr.  ,Registered Voters ,NP ,Total ,390712,NA
Sup Court JD3 Walker Jr.  ,Times Counted ,NP ,Total ,192036,NA
Sup Court JD3 Walker Jr.  ,YES ,NP ,Total ,92675,NA
Sup Court JD3 Walker Jr.  ,NO ,NP ,Total ,68887,NA
Sup Court JD3 Wolverton ,Number of Precincts for Race ,NP ,Total ,239,NA
Sup Court JD3 Wolverton ,Number of Precincts Reporting ,NP ,Total ,239,NA
Sup Court JD3 Wolverton ,Registered Voters ,NP ,Total ,390712,NA
Sup Court JD3 Wolverton ,Times Counted ,NP ,Total ,192036,NA
Sup Court JD3 Wolverton ,YES ,NP ,Total ,92919,NA
Sup Court JD3 Wolverton ,NO ,NP ,Total ,66178,NA
Sup Court JD4 Lyle ,Number of Precincts for Race ,NP ,Total ,122,NA
Sup Court JD4 Lyle ,Number of Precincts Reporting ,NP ,Total ,122,NA
Sup Court JD4 Lyle ,Registered Voters ,NP ,Total ,102417,NA
Sup Court JD4 Lyle ,Times Counted ,NP ,Total ,47149,NA
Sup Court JD4 Lyle ,YES ,NP ,Total ,27458,NA
Sup Court JD4 Lyle ,NO ,NP ,Total ,14641,NA
Sup Court JD4 McConahy ,Number of Precincts for Race ,NP ,Total ,122,NA
Sup Court JD4 McConahy ,Number of Precincts Reporting ,NP ,Total ,122,NA
Sup Court JD4 McConahy ,Registered Voters ,NP ,Total ,102417,NA
Sup Court JD4 McConahy ,Times Counted ,NP ,Total ,47149,NA
Sup Court JD4 McConahy ,YES ,NP ,Total ,26815,NA
Sup Court JD4 McConahy ,NO ,NP ,Total ,15098,NA
Dis Court JD1 Miller ,Number of Precincts for Race ,NP ,Total ,43,NA
Dis Court JD1 Miller ,Number of Precincts Reporting ,NP ,Total ,43,NA
Dis Court JD1 Miller ,Registered Voters ,NP ,Total ,61859,NA
Dis Court JD1 Miller ,Times Counted ,NP ,Total ,32949,NA
Dis Court JD1 Miller ,YES ,NP ,Total ,21174,NA
Dis Court JD1 Miller ,NO ,NP ,Total ,6991,NA
Dis Court JD1 Swanson ,Number of Precincts for Race ,NP ,Total ,43,NA
Dis Court JD1 Swanson ,Number of Precincts Reporting ,NP ,Total ,43,NA
Dis Court JD1 Swanson ,Registered Voters ,NP ,Total ,61859,NA
Dis Court JD1 Swanson ,Times Counted ,NP ,Total ,32949,NA
Dis Court JD1 Swanson ,YES ,NP ,Total ,21043,NA
Dis Court JD1 Swanson ,NO ,NP ,Total ,6243,NA
Dis Court JD3 Chung ,Number of Precincts for Race ,NP ,Total ,239,NA
Dis Court JD3 Chung ,Number of Precincts Reporting ,NP ,Total ,239,NA
Dis Court JD3 Chung ,Registered Voters ,NP ,Total ,390712,NA
Dis Court JD3 Chung ,Times Counted ,NP ,Total ,192036,NA
Dis Court JD3 Chung ,YES ,NP ,Total ,100386,NA
Dis Court JD3 Chung ,NO ,NP ,Total ,60799,NA
Dis Court JD3 Clark ,Number of Precincts for Race ,NP ,Total ,239,NA
Dis Court JD3 Clark ,Number of Precincts Reporting ,NP ,Total ,239,NA
Dis Court JD3 Clark ,Registered Voters ,NP ,Total ,390712,NA
Dis Court JD3 Clark ,Times Counted ,NP ,Total ,192036,NA
Dis Court JD3 Clark ,YES ,NP ,Total ,95952,NA
Dis Court JD3 Clark ,NO ,NP ,Total ,63880,NA
Dis Court JD3 Estelle ,Number of Precincts for Race ,NP ,Total ,239,NA
Dis Court JD3 Estelle ,Number of Precincts Reporting ,NP ,Total ,239,NA
Dis Court JD3 Estelle ,Registered Voters ,NP ,Total ,390712,NA
Dis Court JD3 Estelle ,Times Counted ,NP ,Total ,192036,NA
Dis Court JD3 Estelle ,YES ,NP ,Total ,93195,NA
Dis Court JD3 Estelle ,NO ,NP ,Total ,66645,NA
Dis Court JD3 Illsley ,Number of Precincts for Race ,NP ,Total ,239,NA
Dis Court JD3 Illsley ,Number of Precincts Reporting ,NP ,Total ,239,NA
Dis Court JD3 Illsley ,Registered Voters ,NP ,Total ,390712,NA
Dis Court JD3 Illsley ,Times Counted ,NP ,Total ,192036,NA
Dis Court JD3 Illsley ,YES ,NP ,Total ,97413,NA
Dis Court JD3 Illsley ,NO ,NP ,Total ,63113,NA
Dis Court JD3 Wolfe ,Number of Precincts for Race ,NP ,Total ,239,NA
Dis Court JD3 Wolfe ,Number of Precincts Reporting ,NP ,Total ,239,NA
Dis Court JD3 Wolfe ,Registered Voters ,NP ,Total ,390712,NA
Dis Court JD3 Wolfe ,Times Counted ,NP ,Total ,192036,NA
Dis Court JD3 Wolfe ,YES ,NP ,Total ,95279,NA
Dis Court JD3 Wolfe ,NO ,NP ,Total ,64775,NA
Dis Court JD4 Seekins ,Number of Precincts for Race ,NP ,Total ,122,NA
Dis Court JD4 Seekins ,Number of Precincts Reporting ,NP ,Total ,122,NA
Dis Court JD4 Seekins ,Registered Voters ,NP ,Total ,102417,NA
Dis Court JD4 Seekins ,Times Counted ,NP ,Total ,47149,NA
Dis Court JD4 Seekins ,YES ,NP ,Total ,27749,NA
Dis Court JD4 Seekins ,NO ,NP ,Total ,14467,NA